question,doc_id
What are the main types of non‑small cell lung cancer and how are they identified under a microscope?,5e34bcbaa8
"Can smoking increase my risk of developing non‑small cell lung cancer, and what symptoms should prompt me to see a doctor?",5e34bcbaa8
How is non‑small cell lung cancer diagnosed and staged using lung tests?,5e34bcbaa8
"Why is non‑small cell lung cancer generally not curable with current treatments, and what options are available for patients?",5e34bcbaa8
"Are there clinical trials for non‑small cell lung cancer, and how can I find information about enrolling in one?",5e34bcbaa8
What lifestyle habits increase my chances of developing non‑small cell lung cancer?,c2845efbbc
Can secondhand smoke exposure or workplace chemicals contribute to my risk of getting lung cancer?,c2845efbbc
How does starting to smoke at a young age affect my likelihood of non‑small cell lung cancer later on?,c2845efbbc
Are older adults automatically at higher risk for lung cancer even if they never smoked?,c2845efbbc
"If I have a family history of lung cancer and also work around asbestos, does that significantly raise my risk?",c2845efbbc
I've been experiencing a persistent cough and getting short of breath—could these be indicators of non‑small cell lung cancer?,d1bc99107d
What clinical signs and symptoms should be assessed when evaluating a patient for non‑small cell lung carcinoma?,d1bc99107d
"Are there any atypical manifestations, such as a hoarse voice or swelling of facial/neck veins, that might suggest this form of lung cancer?",d1bc99107d
Is unintended weight loss considered a common symptom in individuals diagnosed with non‑small cell lung cancer?,d1bc99107d
"What respiratory and systemic manifestations might appear in someone with non‑small cell lung cancer, even though they can sometimes be absent?",d1bc99107d
What kinds of exams and scans are used to confirm that someone has non‑small cell lung cancer?,abdbe99dd2
"Which tissue‑sampling techniques, like needle biopsies or bronchoscopy, are employed to diagnose NSCLC?",abdbe99dd2
"If a doctor suspects lung cancer, what laboratory tests (e.g., sputum analysis or fluid studies) might be ordered?",abdbe99dd2
"How do imaging studies such as chest X‑ray, CT scan, or thoracoscopy help determine the stage of non‑small cell lung cancer?",abdbe99dd2
What is the purpose of immunohistochemistry in identifying non‑small cell lung cancer after a biopsy?,abdbe99dd2
What are the main elements that doctors consider when estimating a patient’s chance of recovery from non‑small cell lung cancer?,597a81526a
In what ways does the extent of disease spread influence the outlook for someone diagnosed with NSCLC?,597a81526a
"How do specific gene changes, such as alterations in EGFR or ALK, affect treatment options and prognosis for non‑small cell lung cancer?",597a81526a
Can the presence of symptoms like persistent cough or breathing difficulty change the predicted survival for NSCLC patients?,597a81526a
Why is a patient’s overall health status important when predicting the prognosis and deciding therapy for non‑small cell lung cancer?,597a81526a
I’m newly diagnosed with non‑small cell lung cancer—what kinds of clinical studies are currently testing new therapies for this disease?,4979172719
Can you describe what chemoprevention entails for lung cancer and whether any trials are looking at it for non‑small cell lung cancer?,4979172719
Are there ongoing trials that use radiosensitizers—agents that make tumors more responsive to radiation—specifically for non‑small cell lung cancer?,4979172719
"If my non‑small cell lung cancer isn’t responding to standard treatment, what experimental treatment combinations are being evaluated in current trials?",4979172719
Where can I locate a list of active NCI‑registered clinical trials that are assessing new treatments for non‑small cell lung cancer?,4979172719
What kind of cancer originates in the muscle layer or supporting tissues of the uterus?,d563c7d596
Is a history of radiation exposure a known risk factor for developing this uterine tumor?,d563c7d596
What abnormal bleeding patterns might signal the presence of this rare uterine cancer?,d563c7d596
Which examinations are typically performed to detect and confirm uterine sarcoma?,d563c7d596
In what ways does uterine sarcoma differ from endometrial cancer that starts in the uterine lining?,d563c7d596
What factors could make me more likely to develop uterine sarcoma?,02577e3169
Does having a history of pelvic radiation increase my chances of getting uterine sarcoma?,02577e3169
"If I'm on tamoxifen for breast cancer, what surveillance should I do for uterine sarcoma?",02577e3169
Are there any medical exposures that act as risk factors for uterine sarcoma?,02577e3169
Should I be worried about uterine sarcoma if I've never had radiation or tamoxifen treatment?,02577e3169
What signs should make me think I might have uterine sarcoma?,d11834721f
"Could abnormal vaginal bleeding be a symptom of uterine sarcoma, and what other symptoms should I watch for?",d11834721f
"As a medical student, what clinical manifestations are typical for uterine sarcoma?",d11834721f
"If I'm post‑menopausal and notice bleeding, could that be related to uterine sarcoma?",d11834721f
"What are some non‑menstrual symptoms that might indicate uterine sarcoma, such as urinary changes or abdominal discomfort?",d11834721f
What examinations and tests does a doctor use to confirm a diagnosis of uterine sarcoma?,e109719c38
"If I suspect a uterine tumor, which procedures can help identify it, such as ultrasounds or biopsies?",e109719c38
"Can a Pap smear detect uterine sarcoma, and what other diagnostic steps are recommended?",e109719c38
What is the role of a dilation and curettage (D&C) in diagnosing uterine sarcoma?,e109719c38
How does an endometrial biopsy differ from a transvaginal ultrasound when evaluating for uterine sarcoma?,e109719c38
What factors determine the prognosis for someone diagnosed with uterine sarcoma?,6becabff6a
How does the stage of uterine sarcoma influence a patient’s chances of recovery?,6becabff6a
In what ways do the size and type of a uterine sarcoma tumor affect treatment options and outlook?,6becabff6a
Will a patient’s overall health status change the expected outcome for uterine sarcoma?,6becabff6a
Is the outlook different for uterine sarcoma if the disease has recurred compared to a new diagnosis?,6becabff6a
What kinds of clinical studies are currently available for patients with uterine sarcoma?,252662340d
Where can I find information about ongoing trials testing new treatments for uterine sarcoma?,252662340d
"Is it possible for someone who has already started uterine sarcoma therapy to enroll in a research trial, and what types of trials might be open to them?",252662340d
Can participation in a uterine sarcoma trial involve receiving a brand‑new drug instead of the standard care?,252662340d
Are there trials that focus on preventing uterine sarcoma from coming back or on lowering the side effects of its treatment?,252662340d
"Could my tumor be an extragonadal germ cell tumor, and what symptoms would it likely produce?",4faee827b1
Which body sites are most frequently involved when extragonadal germ cell tumors arise?,4faee827b1
In what ways do extragonadal germ cell tumors differ from the germ‑cell cancers that originate in the ovaries or testes?,4faee827b1
What imaging or laboratory examinations are used to locate and diagnose an extragonadal germ cell tumor?,4faee827b1
How do benign teratomas compare to malignant extragonadal germ cell tumors in terms of behavior and prognosis?,4faee827b1
Am I at greater risk for an extragonadal germ cell tumor because I’m male?,ee6941d3af
Do older individuals face a higher likelihood of developing malignant extragonadal germ cell tumors?,ee6941d3af
Is Klinefelter syndrome listed as a risk factor for extragonadal germ cell cancers?,ee6941d3af
Which populations are most commonly predisposed to extragonadal germ cell tumors?,ee6941d3af
"What factors—such as age, sex, or genetic conditions—make someone more susceptible to extragonadal germ cell tumors?",ee6941d3af
I’ve been having chest pain and shortness of breath—could these be signs of an extragonadal germ cell tumor?,0867df07b6
What typical symptoms should prompt a doctor to check for an extragonadal germ cell cancer?,0867df07b6
"Besides coughing and fever, what other systemic signs might indicate a malignant extragonadal germ cell tumor?",0867df07b6
Could an extragonadal germ cell tumor cause neurological problems like trouble walking or eye movement issues?,0867df07b6
Are changes in bowel habits or persistent fatigue possible early warnings of an extragonadal germ cell tumor?,0867df07b6
What tests are performed to confirm a suspected extragonadal germ cell tumor?,d84a78215e
Can a blood draw for tumor markers help distinguish between seminoma and non‑seminoma in extragonadal germ cell cancers?,d84a78215e
"Which imaging studies, like CT or PET‑CT, are recommended for locating an extragonadal germ cell tumor?",d84a78215e
"If a lump is found outside the testes, what types of biopsy might a doctor use to obtain a definitive diagnosis?",d84a78215e
"During the initial work‑up, what role does a physical exam and chest X‑ray play in diagnosing extragonadal germ cell tumors?",d84a78215e
What factors influence the prognosis for someone diagnosed with an extragonadal germ cell tumor?,7cdefbf7d7
How does the type of extragonadal germ cell tumor—seminoma versus non‑seminoma—affect the expected outcome?,7cdefbf7d7
In what ways do tumor size and location impact treatment decisions for extragonadal germ cell cancers?,7cdefbf7d7
"Do blood markers like AFP, hCG, and LDH provide clues about the likely course of an extragonadal germ cell tumor?",7cdefbf7d7
"If an extragonadal germ cell tumor returns after initial therapy, how does that change the outlook compared to a newly diagnosed case?",7cdefbf7d7
What are the three prognostic categories used to classify extragonadal germ‑cell tumors and how do they differ from traditional cancer staging?,ef17a8af15
How is a non‑seminomatous extragonadal germ‑cell tumor placed in the good‑prognosis group based on tumor location and marker levels?,ef17a8af15
In what situations would a seminomatous extragonadal germ‑cell tumor be considered intermediate risk rather than good risk?,ef17a8af15
"Why don’t extragonadal germ‑cell tumors use the usual stage I‑IV system, and what information does the prognostic group provide for treatment planning?",ef17a8af15
"What factors would move a non‑seminomatous extragonadal germ‑cell tumor into the poor‑prognosis category, especially regarding tumor site and blood test results?",ef17a8af15
"As a patient diagnosed with an extragonadal germ cell tumor, how can I learn about current clinical trials, especially those using high‑dose chemotherapy with stem‑cell transplant?",72dbfb80d6
I'm a medical student studying germ cell cancers—what experimental therapies are currently being tested in clinical studies for extragonadal germ cell tumors?,72dbfb80d6
Could enrolling in a trial that involves high‑dose chemotherapy followed by stem‑cell rescue be a suitable option for someone whose tumor hasn't responded to standard treatment?,72dbfb80d6
Where can I find the NCI listings of ongoing trials that aim to prevent the recurrence of extragonadal germ cell tumors?,72dbfb80d6
"For a newly diagnosed patient, are there clinical trials that accept participants before any treatment begins, and what kinds of therapies do those trials investigate?",72dbfb80d6
Can you explain what endometrial cancer is and where it originates in the body?,ffa3a8b71c
How is cancer of the endometrium different from cancer of the uterine muscle (uterine sarcoma)?,ffa3a8b71c
"Which group of women most frequently diagnosed with endometrial cancer, and at what average age?",ffa3a8b71c
"Do rates of endometrial cancer and related deaths vary among racial or ethnic groups, and if so, how?",ffa3a8b71c
Is endometrial cancer considered the most common invasive cancer of the female reproductive system?,ffa3a8b71c
"Are there any current clinical trials aimed at preventing endometrial cancer, and where can I learn more about them?",5571edf550
What types of participants are eligible for endometrial cancer prevention studies?,5571edf550
"Do prevention trials for endometrial cancer test lifestyle changes like diet or exercise, and how are they conducted?",5571edf550
"As a researcher, where can I locate a list of ongoing endometrial cancer prevention trials that are accepting patients?",5571edf550
"Can healthy individuals without risk factors join a trial to lower their chance of developing endometrial cancer, and what does the study involve?",5571edf550
What health or lifestyle factors can raise a woman's chance of developing endometrial cancer?,088527fd30
Are there hereditary or gene‑related conditions that increase the risk of uterine cancer?,088527fd30
How does the use of tamoxifen for breast cancer treatment influence the likelihood of endometrial cancer?,088527fd30
Does having polycystic ovary syndrome affect a woman's risk for endometrial cancer?,088527fd30
Can obesity and the cluster of problems known as metabolic syndrome contribute to endometrial cancer risk?,088527fd30
What warning signs should make me think I might have endometrial cancer?,de8d113e10
Which symptoms could indicate endometrial cancer versus other pelvic issues?,de8d113e10
"As a medical student, could you list the common clinical manifestations of endometrial carcinoma?",de8d113e10
Is post‑menopausal bleeding considered a possible symptom of uterine cancer?,de8d113e10
What types of pelvic or urinary discomfort are associated with endometrial cancer?,de8d113e10
What tests will my doctor use to find out if I have endometrial cancer?,6382ed5025
Which procedures allow sampling of the uterine lining for microscopic examination when diagnosing endometrial carcinoma?,6382ed5025
"Why doesn't a Pap smear detect endometrial cancer, and what alternative diagnostic methods are recommended?",6382ed5025
"Can a transvaginal ultrasound show a tumor in the uterus, and how is it used in the work‑up for endometrial cancer?",6382ed5025
"What is the difference between an endometrial biopsy, a D&C, and a hysteroscopy in the evaluation of suspected endometrial cancer?",6382ed5025
How likely is recovery from endometrial cancer and which factors influence that likelihood?,58a1402850
In what ways does the stage of endometrial cancer impact a patient's prognosis?,58a1402850
Does the microscopic appearance of endometrial tumor cells affect the expected outcome?,58a1402850
How does progesterone sensitivity of the cancer cells alter treatment choices and the overall outlook?,58a1402850
"Why is endometrial cancer generally considered curable, and what circumstances might affect that prognosis?",58a1402850
Are there any ongoing clinical trials that I could enroll in for my endometrial cancer?,621ffb7c2b
How do clinical trials help create new or improved treatments specifically for endometrial cancer?,621ffb7c2b
Where can I locate a current list of U.S. endometrial cancer trials that are recruiting participants?,621ffb7c2b
"Can joining a clinical trial ever be the most appropriate treatment choice for a patient with endometrial cancer, and what are the reasons?",621ffb7c2b
"Besides testing new medications, what other kinds of research studies are being performed for endometrial cancer?",621ffb7c2b
What is small cell lung cancer and how does it differ from non‑small cell lung cancer?,8f023665d0
Which factor is most strongly associated with an increased risk of developing small cell lung cancer?,8f023665d0
What are the common warning signs that might indicate someone has small cell lung cancer?,8f023665d0
What diagnostic tests are typically used to find and stage small cell lung cancer?,8f023665d0
"Is there a cure for small cell lung cancer, or are treatment options mainly focused on other goals?",8f023665d0
"If I've been smoking for many years, how likely am I to develop small cell lung cancer?",9cdbb2c4d0
"What non‑smoking exposures, such as radon or asbestos, increase the risk of small cell lung cancer?",9cdbb2c4d0
Can a person who never smoked but works with industrial chemicals still be at risk for small cell lung cancer?,9cdbb2c4d0
"Does being older make me more susceptible to small cell lung cancer, and why?",9cdbb2c4d0
How does having a family history of lung cancer influence my risk for developing small cell lung cancer?,9cdbb2c4d0
I've been having a persistent cough and shortness of breath—could these be signs of small cell lung cancer?,a1202c549f
What clinical manifestations should be considered when evaluating a patient for small‑cell carcinoma of the lung?,a1202c549f
"Which warning signs, such as hoarseness or unexplained weight loss, might indicate small cell lung cancer?",a1202c549f
My mother has trouble swallowing and facial swelling; are these possible symptoms of small cell lung cancer?,a1202c549f
What are the common and less common symptoms associated with small cell lung cancer that I should watch for?,a1202c549f
What tests will my doctor use to determine if I have small cell lung cancer?,848ba6d56e
Which diagnostic procedures are typically employed to stage small cell lung carcinoma?,848ba6d56e
"Is a sputum sample useful for detecting small cell lung cancer, and how is it evaluated?",848ba6d56e
"If a biopsy is required for small cell lung cancer, what kinds are performed and what does the procedure involve?",848ba6d56e
How do imaging studies such as chest X‑rays and CT scans aid in diagnosing small cell lung cancer?,848ba6d56e
What are the different stages used to classify small‑cell lung cancer?,679cfc087d
How does the medical community define limited‑stage versus extensive‑stage small cell lung cancer?,679cfc087d
Can you explain the staging categories for small cell lung cancer and what each indicates about tumor spread?,679cfc087d
"In small cell lung cancer, which stage means the disease is confined to the lung and nearby lymph nodes, and which stage means it has spread beyond those areas?",679cfc087d
What terminology is used to describe the early (limited) and advanced (extensive) stages of small cell lung cancer?,679cfc087d
Are there any current clinical studies that I could enroll in for my small‑cell lung cancer?,ef336b61e4
What is the significance of clinical trials in creating new treatments for small cell lung carcinoma?,ef336b61e4
Where can I locate up‑to‑date listings of trials investigating experimental therapies for small cell lung cancer?,ef336b61e4
Is it possible to join a clinical trial after I have already begun standard treatment for small cell lung cancer?,ef336b61e4
Why might participating in a small‑cell lung cancer trial be a beneficial choice even if the investigational therapy is still unproven?,ef336b61e4
What age group is most commonly affected by plasma cell cancers like multiple myeloma?,101bdffe00
Does being African American increase my chances of developing a plasma cell neoplasm?,101bdffe00
"If I’ve previously been diagnosed with MGUS, am I more likely to get multiple myeloma later on?",101bdffe00
Can exposure to radiation or industrial chemicals raise the risk of plasmacytoma or multiple myeloma?,101bdffe00
"Are men at higher risk than women for plasma cell tumors, and why?",101bdffe00
What laboratory tests are typically ordered to detect multiple myeloma or other plasma‑cell cancers?,351788cb7a
Which imaging examinations are suggested to search for bone damage when plasma cell neoplasm is suspected?,351788cb7a
"How does taking a sample of bone marrow contribute to the diagnosis of plasma cell tumors, and what extra studies can be performed on that tissue?",351788cb7a
What kind of urine analysis can reveal abnormal proteins that point toward multiple myeloma?,351788cb7a
"As a medical student, can you explain why cytogenetic tests such as FISH or flow cytometry are used on bone‑marrow specimens for suspected plasma‑cell disorders?",351788cb7a
What elements are considered when estimating the chance of recovery for someone diagnosed with a plasma cell cancer like multiple myeloma?,517275c519
"How do the type of disease, stage, and presence of specific antibodies influence the outlook for plasma cell neoplasms?",517275c519
"In deciding treatment for multiple myeloma, what patient‑related factors do doctors look at?",517275c519
Does kidney damage affect both prognosis and therapy choices for plasma cell tumors?,517275c519
"If an initial therapy works but the cancer returns later, how does that change the prognosis and treatment plan?",517275c519
How is multiple myeloma staged and which blood markers define each stage?,021ee8a0ee
What diagnostic procedures are used to assess disease burden when multiple myeloma is confirmed?,021ee8a0ee
"Could you outline the lab value ranges that separate Stage I, Stage II, and Stage III multiple myeloma?",021ee8a0ee
"Is there an established staging system for plasma‑cell disorders such as MGUS, macroglobulinemia, or plasmacytoma?",021ee8a0ee
Which imaging or bone‑density tests are typically included in the staging work‑up for a patient with multiple myeloma?,021ee8a0ee
What kinds of clinical studies are currently exploring new treatments for multiple myeloma and other plasma cell cancers?,7d750489ed
"Which experimental drug combinations, such as those that include thalidomide or lenalidomide, are being evaluated in trials for plasma cell neoplasms?",7d750489ed
Are there ongoing trials that examine high‑dose chemotherapy followed by autologous stem‑cell transplant for amyloidosis associated with multiple myeloma?,7d750489ed
"What supportive‑care interventions, like plasmapheresis or bisphosphonate therapy, are part of current research protocols for plasma cell neoplasms?",7d750489ed
Where can I locate a list of current NCI‑registered clinical trials testing new therapies for plasma cell disorders?,7d750489ed
What exactly is lung cancer and how does it affect the lungs?,78cb73d0e8
Can you explain the two main types of lung cancer and how they differ?,78cb73d0e8
Why is lung cancer considered the deadliest cancer for both men and women?,78cb73d0e8
"How are the lungs structured, and which parts can be involved when cancer develops?",78cb73d0e8
What statistics show lung cancer’s prevalence compared to other cancers in the U.S.?,78cb73d0e8
Can you explain what prostate cancer actually is?,bac6b4c5cc
"In which gland does prostate cancer develop, and what is its role in the male reproductive system?",bac6b4c5cc
Why is prostate cancer described as the leading non‑skin cancer among men in the United States?,bac6b4c5cc
"How does prostate cancer differ from benign prostatic hyperplasia, and can their symptoms be confused?",bac6b4c5cc
What age‑related changes in the prostate might increase concerns about cancer or urinary problems?,bac6b4c5cc
Am I more likely to develop prostate cancer because I'm over 60?,402da42b54
Do men of African descent have a higher chance of getting prostate cancer compared to other races?,402da42b54
Which groups of men are most commonly diagnosed with prostate cancer?,402da42b54
"Is prostate cancer primarily a disease of older men, and does race affect the risk?",402da42b54
"For a middle‑aged African‑American man, how does his risk of prostate cancer compare to that of a white man?",402da42b54
What lifestyle or health factors might make me more likely to develop prostate cancer?,68984b7525
Can you explain which groups of people are considered higher risk for prostate cancer and why?,68984b7525
Which protective measures or characteristics reduce a man's chance of getting prostate cancer?,68984b7525
For a medical student: what are the main risk and protective factors associated with prostate cancer?,68984b7525
I’m curious about the specific risk factors for prostate cancer—what should I be aware of?,68984b7525
How would you define penile cancer in layman's terms?,ba64453a09
What symptoms might suggest a man has penile cancer?,ba64453a09
Which viral infection is known to raise the chance of developing penile cancer?,ba64453a09
Which anatomical structures of the penis can be involved when cancer develops?,ba64453a09
What elements can affect the prognosis and treatment decisions for penile cancer?,ba64453a09
Could my history of multiple sexual partners increase my risk of developing penile cancer?,06e098f459
What impact does not being circumcised at birth have on the chances of getting penile cancer?,06e098f459
Are smoking and inadequate personal hygiene listed as risk factors for penile cancer?,06e098f459
Does being an older adult significantly raise the likelihood of penile cancer?,06e098f459
In what way does infection with human papillomavirus affect the risk of penile cancer?,06e098f459
What warning signs should make me think I might have penile cancer?,de1d276609
Can you list the typical physical symptoms that appear with cancer of the penis?,de1d276609
"As a medical student, I'm curious: what lesions or discharge are associated with penile malignancy?",de1d276609
"If I notice a new lump or persistent redness on my penis, could that be a sign of cancer?",de1d276609
What kinds of bleeding or sores on the penis are considered possible indications of penile cancer?,de1d276609
What examinations and tests are performed to confirm a diagnosis of penile cancer?,792a2e7a73
How does a doctor determine if a suspicious lump on the penis is cancerous?,792a2e7a73
Which biopsy methods are used when evaluating a possible penile malignancy?,792a2e7a73
What details from my medical history and physical exam help in diagnosing penile cancer?,792a2e7a73
"Can you explain the differences between fine‑needle aspiration, incisional, and excisional biopsies for detecting penile cancer?",792a2e7a73
What factors influence the chances of recovery for someone diagnosed with penile cancer?,b30481aa08
How does the stage of penile cancer affect its prognosis and treatment choices?,b30481aa08
"If a penile tumor recurs after treatment, does that change the outlook compared to a newly diagnosed case?",b30481aa08
Are tumor size and location important when doctors determine the prognosis for penile cancer?,b30481aa08
What determines the prognosis and treatment options for penile cancer patients?,b30481aa08
What types of clinical trials are being conducted to test new treatments for penile cancer?,7aebe89d79
Are there any research studies that use drugs to make radiation therapy more effective for penile cancer?,7aebe89d79
How is sentinel lymph node biopsy being evaluated in current penile cancer research trials?,7aebe89d79
Is there a clinical trial that focuses on preventing the return of penile cancer after surgery?,7aebe89d79
Where can I find up‑to‑date listings of ongoing penile cancer clinical trials and what they involve?,7aebe89d79
I'm currently taking tamoxifen for breast cancer; does this medication raise my chance of developing cancer of the uterine lining?,4f689fb989
"Which personal or dietary habits, such as weight, diet, or reproductive history, are linked to a higher risk of endometrial cancer?",4f689fb989
Could a family history of hereditary non‑polyposis colorectal cancer increase a woman's likelihood of getting endometrial cancer?,4f689fb989
"If I use estrogen‑only hormone therapy, how does that affect my risk for uterine cancer compared to combined estrogen‑progestin therapy?",4f689fb989
I've read that certain ethnic groups are more vulnerable; is being of Caucasian background considered a risk factor for endometrial cancer?,4f689fb989
Can you explain what Ewing sarcoma is and which parts of the body it can affect?,e7040f9158
I heard that a certain bone tumor is common in teens—what is it called and what are its typical signs?,e7040f9158
What are the alternative names for the cancer that originates in bone or soft tissue and is known as Ewing sarcoma?,e7040f9158
How is Ewing sarcoma diagnosed and what tests are usually performed?,e7040f9158
"Which age group is most likely to develop Ewing sarcoma, and where in the skeleton or soft tissue does it usually appear?",e7040f9158
What typical warning signs should I watch for if my child might have Ewing sarcoma?,ee839abe91
Which parts of the body are most likely to develop painful swelling or a lump when someone has Ewing sarcoma?,ee839abe91
"Can Ewing sarcoma cause unexplained fevers or spontaneous bone fractures, and how often does that happen?",ee839abe91
How can I tell if the symptoms I'm seeing are due to Ewing sarcoma rather than another condition in a teen?,ee839abe91
What are the most common presenting symptoms that lead doctors to suspect Ewing sarcoma?,ee839abe91
What factors are considered when estimating the prognosis for a newly diagnosed Ewing sarcoma?,63b47d2f2f
How do the size and location of an Ewing sarcoma tumor influence the chance of recovery before any treatment begins?,63b47d2f2f
"After the tumor is surgically removed, which aspects determine whether the outlook for Ewing sarcoma improves?",63b47d2f2f
"If Ewing sarcoma recurs, does the length of time since the original treatment affect the expected prognosis?",63b47d2f2f
Are there particular blood test results (such as LDH levels) or genetic alterations that can make the prognosis poorer for a child with Ewing sarcoma?,63b47d2f2f
How is Ewing sarcoma categorized based on whether it has spread?,05a786995a
What defines a localized versus a metastatic Ewing sarcoma?,05a786995a
Can you explain the two main stages used to describe Ewing sarcoma and what they mean?,05a786995a
"In which ways can Ewing sarcoma spread, and how does that affect its staging?",05a786995a
"What are the typical sites where Ewing sarcoma metastasizes, and how does that relate to its stage?",05a786995a
"Are there any ongoing clinical studies for people with recurrent Ewing sarcoma, and what do they involve?",4fdc89ef9c
What is CAR T‑cell therapy and how is it being investigated for Ewing sarcoma?,4fdc89ef9c
Where can I look up current trial listings for experimental treatments for Ewing sarcoma?,4fdc89ef9c
What kinds of clinical trials are available for patients who have already received standard therapy for Ewing sarcoma?,4fdc89ef9c
Why might a patient choose to enroll in a trial for a new Ewing sarcoma treatment instead of sticking with conventional care?,4fdc89ef9c
What exactly is a gastrointestinal carcinoid tumor and where does it develop in the body?,666ff1c907
"Can a GI carcinoid tumor cause symptoms early on, and what are the typical signs if it spreads to the liver?",666ff1c907
Which parts of the digestive tract are most commonly affected by these neuroendocrine cancers?,666ff1c907
How are gastrointestinal carcinoid tumors diagnosed—what tests or imaging are used?,666ff1c907
What factors influence the outlook and treatment options for someone diagnosed with a GI carcinoid tumor?,666ff1c907
What genetic conditions increase my chance of developing a gastrointestinal carcinoid tumor?,84753cffcf
Could having atrophic gastritis or pernicious anemia raise my risk for GI carcinoid tumors?,84753cffcf
"If I have a family history of MEN 1 or NF 1, am I more likely to get a GI carcinoid tumor?",84753cffcf
Do people with Zollinger‑Ellison syndrome need to be screened for carcinoid tumors in the gut?,84753cffcf
"How do the listed risk factors, like certain inherited syndromes or stomach‑acid disorders, influence my likelihood of getting a gastrointestinal carcinoid tumor?",84753cffcf
What kinds of symptoms might appear in someone with a carcinoid tumor of the duodenum?,5b989f685e
"If a carcinoid tumor is located in the jejunum or ileum, what signs and symptoms should be expected?",5b989f685e
Can gastrointestinal carcinoid tumors cause changes in stool color or blood in the stool?,5b989f685e
What warning signs might indicate a carcinoid tumor in the colon or rectum?,5b989f685e
"Why do some gastrointestinal carcinoid tumors have no early symptoms, when do they usually start causing problems?",5b989f685e
What laboratory and imaging examinations are used to confirm a gastrointestinal carcinoid tumor?,2395b08c9d
"If my doctor suspects a neuroendocrine tumor in my digestive tract, which scans and tests will they likely order?",2395b08c9d
How does a 24‑hour urine collection help detect carcinoid syndrome related to gut tumors?,2395b08c9d
What advantages does an endoscopic ultrasound have over a standard colonoscopy when looking for carcinoid tumors?,2395b08c9d
Which tumor markers are measured in blood or urine to aid in diagnosing gastrointestinal carcinoid tumors?,2395b08c9d
What factors determine the prognosis for a person with a gastrointestinal carcinoid tumor?,5b4df37f97
How does the specific location of a carcinoid tumor in the GI tract influence treatment choices?,5b4df37f97
In what way does having carcinoid syndrome affect the outlook compared to patients without it?,5b4df37f97
Does the size of a gastrointestinal carcinoid tumor impact the possibility of complete surgical removal and survival rates?,5b4df37f97
What does it mean for recovery chances if the cancer has already spread to the liver or lymph nodes?,5b4df37f97
What are the different stages used to classify a gastrointestinal carcinoid tumor?,1a153b2861
How is the staging process performed for GI carcinoid tumors and what does each stage indicate?,1a153b2861
Can you explain the three pathways through which a GI carcinoid tumor can spread and how they relate to tumor staging?,1a153b2861
"In the context of GI carcinoid cancer, what factors are considered to determine its stage?",1a153b2861
What are the criteria for assigning a stage to a gastrointestinal carcinoid tumor after diagnostic testing?,1a153b2861
What new clinical studies are currently investigating treatments for gastrointestinal carcinoid tumors?,98f235d858
Can I learn about targeted‑therapy trials that are being tested for GI carcinoid cancer?,98f235d858
Are there any ongoing research trials that focus on preventing recurrence of gastrointestinal carcinoid tumors?,98f235d858
"Where can I find information about enrolling in a trial for a new GI carcinoid tumor therapy, and what types of patients are eligible?",98f235d858
"What kinds of experimental treatments are under investigation for GI carcinoid tumors, and how do clinical trials help develop these options?",98f235d858
What types of clinical studies are currently looking at ways to stop prostate cancer before it starts?,7ed2cc926d
Are there any prevention trials for prostate cancer that involve lifestyle changes like diet or exercise?,7ed2cc926d
Where can I find a list of ongoing prostate cancer prevention trials that are recruiting participants?,7ed2cc926d
Do researchers run prevention trials with healthy men who have a higher risk of developing prostate cancer?,7ed2cc926d
Can taking vitamins or other supplements be part of a clinical trial aimed at reducing prostate cancer risk?,7ed2cc926d
What lifestyle or environmental factors raise my risk of getting lung cancer?,bca43ab353
Can you explain who is most likely to need lung cancer screening and what the possible risks of those tests are?,bca43ab353
Does having a low‑dose CT scan for lung cancer screening increase the chance of developing another cancer?,bca43ab353
How might a false‑negative or false‑positive lung cancer screening result impact my subsequent medical care?,bca43ab353
What are some protective factors that can lower my chance of developing lung cancer?,bca43ab353
What are the typical signs and locations of osteosarcoma in teenagers and young adults?,18c27cebfd
How does having previous radiation therapy influence the likelihood of developing osteosarcoma?,18c27cebfd
What symptoms would suggest the presence of a bone cancer such as osteosarcoma or malignant fibrous histiocytoma?,18c27cebfd
In what ways does malignant fibrous histiocytoma of bone resemble osteosarcoma in terms of treatment approach and prognosis?,18c27cebfd
Which imaging and biopsy methods are used to diagnose osteosarcoma and malignant fibrous histiocytoma of bone?,18c27cebfd
What previous medical treatments could increase my child’s chance of developing osteosarcoma?,d03922592e
Which genetic conditions are linked to a higher risk of bone cancers like osteosarcoma or malignant fibrous histiocytoma?,d03922592e
"If a patient has received alkylating chemotherapy, does that raise their likelihood of getting osteosarcoma later on?",d03922592e
Are there any inherited syndromes that make someone more susceptible to bone sarcomas?,d03922592e
How does having Paget disease affect the probability of developing osteosarcoma?,d03922592e
What signs should I look for that might indicate osteosarcoma or malignant fibrous histiocytoma of bone in my child?,0909b9679e
How can swelling around a bone or joint pain suggest a bone tumor like osteosarcoma or MFH?,0909b9679e
What symptoms are commonly shared by osteosarcoma and malignant fibrous histiocytoma of the bone?,0909b9679e
Could a bone that fractures without any obvious cause be a warning sign of a bone cancer such as osteosarcoma or MFH?,0909b9679e
What are the typical clinical manifestations that would prompt a doctor to evaluate for osteosarcoma or malignant fibrous histiocytoma of bone?,0909b9679e
What imaging studies are typically ordered before a biopsy when doctors suspect a bone tumor such as osteosarcoma or malignant fibrous histiocytoma?,04ef882194
"From a patient’s viewpoint, what sequence of evaluations—starting with a physical exam—helps confirm a diagnosis of osteosarcoma or MFH, and how is the tissue examined?",04ef882194
"Which biopsy methods are used for diagnosing bone cancers, and how does the tumor’s size and location influence the choice between them?",04ef882194
"How do CT scans and MRIs contribute to detecting bone sarcomas, and why might a contrast dye be administered during these tests?",04ef882194
"Once a bone tissue sample is obtained for suspected osteosarcoma, what microscopic analyses are performed to look for cancerous changes?",04ef882194
What variables influence the prognosis of untreated osteosarcoma or malignant fibrous histiocytoma of bone?,185e402afb
How does the amount of tumor removed during surgery and the effectiveness of chemotherapy affect the outlook after treatment for these bone cancers?,185e402afb
"In what ways do a patient’s age, weight, or presence of genetic disorders affect their chances of recovery from these sarcomas?",185e402afb
What considerations are taken into account when deciding treatment plans for bone sarcoma patients whose bones are still growing?,185e402afb
"If the cancer comes back several years after the original diagnosis, how does that recurrence change the expected prognosis?",185e402afb
How is osteosarcoma classified in terms of disease stage—what does it mean when it's described as localized versus metastatic?,d1c16699bb
What diagnostic imaging studies are typically performed to determine whether a bone sarcoma like osteosarcoma or malignant fibrous histiocytoma has spread?,d1c16699bb
Can you explain the ways cancer can spread from the primary bone tumor and how that influences the staging of osteosarcoma and MFH?,d1c16699bb
"Where does metastatic bone sarcoma most commonly travel to, and how is that reflected in the staging system?",d1c16699bb
What are the main steps doctors take after diagnosing osteosarcoma or MFH to figure out if the cancer is still confined to the bone or has disseminated?,d1c16699bb
"What new drug studies are available for children with osteosarcoma, and how can a family learn about enrolling in those trials?",05a69cf724
"Which targeted treatment approaches, like kinase inhibitors or monoclonal antibodies, are currently being evaluated in clinical trials for bone sarcomas such as osteosarcoma and malignant fibrous histiocytoma?",05a69cf724
"Are there any ongoing clinical trials that use monoclonal antibody therapies for patients with recurrent osteosarcoma, and what are the names of the antibodies being tested?",05a69cf724
Where can I locate the most recent listings of clinical trials focused on osteosarcoma and malignant fibrous histiocytoma of bone across the United States?,05a69cf724
"How does the kinase inhibitor sorafenib function in current research, and why is it being studied for recurrent osteosarcoma in clinical trials?",05a69cf724
What warning signs should I watch for that might indicate prostate cancer?,31171c9a5a
Which urinary difficulties are typically linked to prostate cancer and how do they differ from those caused by an enlarged prostate (BPH)?,31171c9a5a
Is the presence of blood in urine or semen a possible indication of prostate cancer?,31171c9a5a
"What general health symptoms, such as extreme tiredness or breathing problems, could signal that prostate cancer has progressed?",31171c9a5a
How can I tell if the symptoms I'm experiencing are from prostate cancer rather than a non‑cancerous prostate enlargement?,31171c9a5a
What steps does a doctor take to confirm if I have prostate cancer?,3fb2b63e72
Which tests are used to detect prostate cancer and how do they work?,3fb2b63e72
"Can a blood PSA test alone diagnose prostate cancer, or are other exams required?",3fb2b63e72
How is a prostate biopsy performed and what information does it provide about the tumor?,3fb2b63e72
When would imaging like transrectal MRI be recommended during the evaluation for prostate cancer?,3fb2b63e72
What factors determine the prognosis for a man with prostate cancer?,4284b4128a
How does a patient’s age influence the outlook after a prostate cancer diagnosis?,4284b4128a
"If prostate cancer recurs after initial treatment, does that affect the chances of recovery?",4284b4128a
Do existing health problems or anticipated treatment side effects alter the expected survival for prostate cancer patients?,4284b4128a
"Is prostate cancer typically fatal, or do most men diagnosed with it survive the disease?",4284b4128a
What new therapies are currently being evaluated in clinical trials for men with prostate cancer?,73705218df
Can you tell me about experimental treatments like cryotherapy or high‑intensity focused ultrasound that are under study for prostate cancer?,73705218df
"Where can I find information about ongoing prostate cancer trials, such as those testing proton‑beam radiation or other novel approaches?",73705218df
I'm considering joining a study – what types of prostate cancer trials are available for patients who have already received treatment versus those who are treatment‑naïve?,73705218df
"How do clinical trials for prostate cancer differ in their goals, for example, preventing recurrence versus reducing side effects, and what options exist now?",73705218df
Do we know what triggers the development of extracranial germ cell tumors in children?,0be4d681cb
Are there any identified risk factors for childhood tumors that arise outside the brain and spine?,0be4d681cb
What is the underlying cause of pediatric extracranial germ cell cancers?,0be4d681cb
Can genetics or environmental exposures explain why some kids get extracranial germ cell tumors?,0be4d681cb
Is there a known reason why children develop germ cell tumors outside the skull?,0be4d681cb
What inherited genetic syndromes can raise a child's chance of developing an extracranial germ cell tumor?,e499695e6f
Does having an undescended testicle increase the risk of a testicular germ cell tumor that occurs outside the brain?,e499695e6f
Which specific disorders are associated with a higher likelihood of mediastinal germ‑cell tumors in children?,e499695e6f
"If my child has Turner syndrome, should I be concerned about a greater risk for extracranial germ cell tumors?",e499695e6f
What risk factors should I discuss with my child's doctor when wondering about the possibility of extracranial germ cell tumors?,e499695e6f
What signs should I watch for if I think my child might have an extracranial germ cell tumor?,3461446a2e
Which clinical manifestations are linked to childhood extracranial germ cell tumors depending on where the tumor is located?,3461446a2e
Can a missing period or unexpected vaginal bleeding in a girl be a symptom of a childhood extracranial germ cell tumor?,3461446a2e
Is a painless lump in a boy’s testicle considered a possible indication of an extracranial germ cell tumor?,3461446a2e
"What abdominal-related symptoms, like pain or a lump, fever, or constipation, could point to a childhood extracranial germ cell tumor?",3461446a2e
What steps are taken to diagnose a child suspected of having an extracranial germ cell tumor?,9aa44f7e30
Which blood tests are used to detect tumor markers for pediatric extracranial germ cell cancers?,9aa44f7e30
What imaging studies are typically ordered when evaluating a child for an extracranial germ cell tumor?,9aa44f7e30
"After a physical exam, how is a definitive diagnosis of a childhood extracranial germ cell tumor achieved?",9aa44f7e30
How do AFP and beta‑hCG levels help in the work‑up of extracranial germ cell tumors in children?,9aa44f7e30
What factors determine the prognosis and treatment choices for extracranial germ cell tumors in children?,44ee49797b
How do a child's age and overall health impact the outlook for childhood extracranial germ cell cancers?,44ee49797b
Is the prognosis generally favorable for ovarian germ cell tumors that arise outside the brain in pediatric patients?,44ee49797b
Does the possibility of complete surgical removal influence the management and success rates of childhood extracranial germ cell tumors?,44ee49797b
What does a decrease in AFP and hCG levels after therapy indicate about the expected recovery for these tumors?,44ee49797b
Are there any ongoing studies that use high‑dose chemotherapy with stem‑cell rescue for children with extracranial germ cell tumors?,8e0b7ef6d4
What forms of radiation therapy are currently being evaluated for recurrent childhood extracranial germ cell cancers?,8e0b7ef6d4
Where can families locate up‑to‑date listings of clinical trials targeting pediatric extracranial germ cell tumors?,8e0b7ef6d4
Is it possible for a child who has already completed standard therapy to join a clinical trial for extracranial germ cell tumors?,8e0b7ef6d4
"What objectives are researchers pursuing in current trials for childhood extracranial germ cell tumors—new treatment approaches, relapse prevention, or toxicity reduction?",8e0b7ef6d4
How would you describe skin cancer and how it develops in the skin's layers?,4d9599c0a6
What types of skin cancer exist and which skin cells are involved in each type?,4d9599c0a6
Why are areas of the body that get a lot of sun exposure more likely to develop skin cancer?,4d9599c0a6
What are the typical signs that might indicate a non‑melanoma skin cancer or actinic keratosis?,4d9599c0a6
"Can you explain the difference between basal cell carcinoma, squamous cell carcinoma, and melanoma in terms of how aggressive they are?",4d9599c0a6
"What personal traits, like skin tone or hair color, increase a person's likelihood of developing non‑melanoma skin cancers?",70ed6c190a
How does prolonged exposure to tanning beds affect my risk of basal cell or squamous cell carcinoma?,70ed6c190a
"Do individuals with fair complexion, light‑colored eyes, or red/blond hair have a greater chance of getting actinic keratosis and skin cancer?",70ed6c190a
Will a past history of radiation treatment or contact with arsenic raise my chances of developing skin cancer?,70ed6c190a
In what ways do a weakened immune system or specific genetic changes contribute to susceptibility to basal or squamous cell carcinoma?,70ed6c190a
What steps does a clinician take to find and confirm skin cancer?,01619ecb06
Can you explain the different types of skin biopsies used to diagnose suspicious lesions?,01619ecb06
"If a doctor sees an unusual mole, what examination and tissue sampling methods might they use?",01619ecb06
Which biopsy technique involves cutting out the whole abnormal area?,01619ecb06
How is a skin exam performed and what signs do doctors look for when screening for skin cancer?,01619ecb06
How does the stage of my skin cancer influence my chances of recovery?,6dcf1c58ff
Will the size and location of a skin tumor affect the treatment plan and outlook?,6dcf1c58ff
"If I have a certain type of skin cancer, what factors determine my prognosis?",6dcf1c58ff
Does a patient's overall health play a role in deciding which therapies are available for skin cancer?,6dcf1c58ff
What are the main elements that doctors consider when estimating the future outlook for someone diagnosed with skin cancer?,6dcf1c58ff
Where can I locate up‑to‑date listings of clinical trials that are testing new treatments for skin cancer?,cb81a4c2c1
What types of skin cancer trials are open for patients whose disease has not responded to prior therapy?,cb81a4c2c1
Are there any research studies aimed at lowering the side effects caused by skin cancer treatments?,cb81a4c2c1
"How does participating in a skin cancer clinical trial differ from receiving the standard treatment, and what are the potential benefits?",cb81a4c2c1
"Is it possible for someone who has not yet started any skin cancer treatment to enroll in a trial, and where should they look for such options?",cb81a4c2c1
What exactly is neuroblastoma and where does it usually arise in the body?,eb953c3a0a
"Can neuroblastoma be passed down from a parent, and what genetic changes are involved?",eb953c3a0a
"What typical symptoms, like bone pain or an abdominal lump, might suggest a child has neuroblastoma?",eb953c3a0a
"How do doctors diagnose neuroblastoma—what imaging, lab tests, or biopsies are performed?",eb953c3a0a
"To which sites does neuroblastoma most often spread, and are there differences in metastatic patterns for infants?",eb953c3a0a
Can a parent’s genetic mutation increase my child’s chance of developing neuroblastoma?,5d9905addc
"Is there a hereditary component to neuroblastoma, and does it affect the age at which it appears?",5d9905addc
Do inherited gene changes linked to neuroblastoma lead to multiple tumors in the adrenal glands?,5d9905addc
How often does neuroblastoma run in families because of passed‑down gene mutations?,5d9905addc
"If a child inherits a neuroblastoma‑related mutation, will the disease tend to start at a younger age?",5d9905addc
"What warning signs should I watch for in my child that might indicate neuroblastoma, such as unusual lumps or bone pain?",e0a00c0b3a
Can you explain the typical symptoms of neuroblastoma that result from the tumor pressing on nearby organs?,e0a00c0b3a
"Which less common manifestations, like Horner syndrome or unexplained bruising, could suggest neuroblastoma in a pediatric patient?",e0a00c0b3a
"As a medical student, what are the key clinical features of neuroblastoma that differentiate it from other childhood cancers?",e0a00c0b3a
"What symptoms might an infant with neuroblastoma display, such as a swollen abdomen or bluish skin nodules?",e0a00c0b3a
What exams and tests are typically performed to confirm a diagnosis of neuroblastoma?,cdc6ec9303
"Can you explain which laboratory studies, such as urine or blood tests, help detect neuroblastoma?",cdc6ec9303
Which imaging techniques are used to locate neuroblastoma tumors and assess their spread?,cdc6ec9303
How does a bone marrow aspiration and biopsy contribute to diagnosing neuroblastoma?,cdc6ec9303
What role does a neurological exam play in the overall evaluation for neuroblastoma?,cdc6ec9303
What elements are considered when estimating a child's chances of recovery from neuroblastoma?,e46e6bf9e3
How does the age at which a child is diagnosed influence the outlook for neuroblastoma?,e46e6bf9e3
"Is it possible for neuroblastoma to disappear on its own, and which infants are most likely to experience this?",e46e6bf9e3
"Which tumor‑specific features, such as gene changes or growth patterns, make the prognosis for neuroblastoma more favorable?",e46e6bf9e3
In what way does involvement of lymph nodes on the same or opposite side of the primary tumor affect the expected outcome for neuroblastoma?,e46e6bf9e3
What types of clinical trials are currently open for neuroblastoma that has recurred after initial treatment?,5a57724b63
"How is immunotherapy, including vaccine approaches, being explored as a therapy for neuroblastoma?",5a57724b63
"Is lenalidomide under investigation for neuroblastoma, and what does it do to help fight the tumor?",5a57724b63
Where can I locate information about active neuroblastoma clinical trials nationwide?,5a57724b63
What are the potential benefits of enrolling in a neuroblastoma clinical trial compared to standard therapy?,5a57724b63
Can you explain what parathyroid cancer is and how it differs from other neck tumors?,b51cb4d090
Which inherited disorders increase a person's risk of developing cancer of the parathyroid gland?,b51cb4d090
What symptoms might indicate the presence of a parathyroid malignancy?,b51cb4d090
What diagnostic tests are performed to detect and confirm parathyroid cancer?,b51cb4d090
"How does a parathyroid tumor cause hypercalcemia, and why is controlling the calcium level as important as treating the cancer itself?",b51cb4d090
Am I at higher risk for parathyroid cancer because I have a family history of endocrine disorders?,1a7469b03b
Which inherited syndromes are listed as risk factors for parathyroid carcinoma?,1a7469b03b
Does prior radiation therapy raise the likelihood of developing a parathyroid tumor?,1a7469b03b
"If I have been diagnosed with MEN‑1, does that increase my chance of getting parathyroid cancer?",1a7469b03b
What factors are known to predispose someone to cancer of the parathyroid glands?,1a7469b03b
What early signs might suggest I have parathyroid cancer?,6671df7f4f
Which symptoms arise because of the elevated calcium levels associated with parathyroid cancer?,6671df7f4f
"Does parathyroid cancer lead to persistent bone or back pain and even fractures, and what would that feel like?",6671df7f4f
"If I develop a noticeable neck lump together with hoarseness or difficulty swallowing, could that be a sign of parathyroid cancer?",6671df7f4f
What changes in thirst or bathroom habits might indicate the presence of parathyroid cancer?,6671df7f4f
I've been told my calcium levels are high; what tests will my doctor order to determine if I have parathyroid cancer?,346716619e
Which blood work and imaging modalities are used to distinguish a malignant parathyroid tumor from a benign adenoma?,346716619e
How does a sestamibi scan help locate an overactive parathyroid gland when cancer is being considered?,346716619e
"If my parathyroid hormone level is elevated, what additional procedures are performed to identify the specific gland involved?",346716619e
"What are the purposes of CT, SPECT, and ultrasound exams in the evaluation of suspected parathyroid cancer?",346716619e
How does controlling blood calcium influence the outlook for someone with parathyroid cancer?,33457b1994
What impact does the stage of parathyroid cancer have on the treatment choices available?,33457b1994
"If the tumor and its surrounding capsule can be completely removed surgically, how does that affect the chance of recovery in parathyroid cancer?",33457b1994
In what ways does a patient’s overall health affect the prognosis for parathyroid cancer?,33457b1994
Which key factors are evaluated when estimating the probability of recovery for parathyroid cancer patients?,33457b1994
How is parathyroid cancer categorized regarding its stage or spread?,dec6ee88f1
What types of scans are usually ordered to see if parathyroid cancer has moved to other parts of the body?,dec6ee88f1
What distinguishes a parathyroid cancer that is confined to the gland from one that has metastasized elsewhere?,dec6ee88f1
Through which pathways can parathyroid cancer cells disseminate to distant organs?,dec6ee88f1
"Does parathyroid cancer have an official staging system, or is it described using a different classification?",dec6ee88f1
Are there any ongoing clinical studies specifically targeting parathyroid cancer?,c4271575e4
Where can I look up current trials that are testing new therapies for parathyroid cancer?,c4271575e4
What experimental treatment approaches are presently being evaluated for patients with parathyroid cancer?,c4271575e4
"If I’m interested in participating in a parathyroid cancer research trial, how do I determine eligibility and the appropriate time to enroll?",c4271575e4
Do any active trials focus on preventing the return of parathyroid cancer or reducing the side effects of its treatment?,c4271575e4
My child has been experiencing vision problems and slower growth than peers—could these symptoms indicate a childhood craniopharyngioma?,630d39e766
"Which parts of the brain, such as the pituitary gland or hypothalamus, are typically affected by a craniopharyngioma in children?",630d39e766
"Are childhood craniopharyngiomas considered malignant cancers, and do they have the ability to spread to other areas of the brain or body?",630d39e766
"What kinds of examinations—like imaging, eye assessments, or hormone tests—are usually ordered to detect a craniopharyngioma in a pediatric patient?",630d39e766
What variables determine the outlook and influence the choice of treatment for a child who has been diagnosed with a craniopharyngioma?,630d39e766
What factors make a child more likely to develop a craniopharyngioma?,ca6d9a5abf
At what ages are children most often diagnosed with craniopharyngioma?,ca6d9a5abf
Is there any known cause or trigger for childhood craniopharyngioma?,ca6d9a5abf
"Are craniopharyngiomas common in very young children, such as those under the early childhood years?",ca6d9a5abf
Does having a family history or certain genetics increase the risk of a child getting craniopharyngioma?,ca6d9a5abf
What early warning signs should I watch for if I think my child might have a craniopharyngioma?,68ab40588c
"Can a craniopharyngioma cause my child's growth to slow down, and what other symptoms might appear?",68ab40588c
My child has been waking up with headaches and vision problems; could these be related to a brain tumor like craniopharyngioma?,68ab40588c
What behavioral or sleep changes are associated with childhood craniopharyngioma?,68ab40588c
Are there any urinary or thirst-related symptoms that could indicate a craniopharyngioma in a child?,68ab40588c
What examinations are typically done to confirm a craniopharyngioma in a child?,58a109f672
Which brain imaging methods are most useful for detecting a pediatric craniopharyngioma?,58a109f672
How are hormone and blood chemistry tests used when diagnosing childhood craniopharyngioma?,58a109f672
What biopsy approaches can be employed to obtain tissue from a suspected craniopharyngioma in a young patient?,58a109f672
"Is a visual field assessment part of the work‑up for a child with a possible craniopharyngioma, and what does it reveal?",58a109f672
What factors influence the prognosis and treatment choices for a child diagnosed with craniopharyngioma?,288d0735cc
Can you explain how a tumor’s size and location affect the outlook for a pediatric craniopharyngioma patient?,288d0735cc
How does a child's age and any remaining tumor cells after surgery impact the chances of recovery from craniopharyngioma?,288d0735cc
What are the potential long‑term side effects that might affect the prognosis of a childhood craniopharyngioma after treatment?,288d0735cc
"If a craniopharyngioma recurs in a child, how does that change the expected outcome compared to a newly diagnosed case?",288d0735cc
How do doctors determine the stage of a child’s craniopharyngioma?,0a9f947226
"Is there an official staging system for pediatric craniopharyngioma, or how is the disease classified?",0a9f947226
"When a child is diagnosed with craniopharyngioma, is the tumor described as newly diagnosed or recurrent, and what does that imply?",0a9f947226
What role do the diagnostic tests and procedures play in deciding treatment for childhood craniopharyngioma?,0a9f947226
Can staging be used to find out if a child’s craniopharyngioma has spread to other parts of the brain or body?,0a9f947226
Where can I look for clinical trials that are currently enrolling children with craniopharyngioma?,16abbc5ab4
What should I discuss with my child's doctor if I'm considering a trial for a pediatric craniopharyngioma patient?,16abbc5ab4
"Are there studies that focus on preventing recurrence of childhood craniopharyngioma, and how can I find them?",16abbc5ab4
Can a child who has already started treatment still be eligible for a craniopharyngioma clinical trial?,16abbc5ab4
What kinds of new therapies are being tested in current trials for childhood craniopharyngioma according to the NCI database?,16abbc5ab4
I’ve noticed a mole that’s changing its appearance—could that be a sign of melanoma and what changes should raise concern?,a8d389213a
Which specific skin cells turn malignant in melanoma and how is this cancer distinct from other types of skin cancer?,a8d389213a
What body locations are most frequently affected by melanoma in men compared to women?,a8d389213a
In what ways does melanoma’s tendency to invade and spread differ from basal cell carcinoma and squamous cell carcinoma?,a8d389213a
"Is it possible for melanoma to arise in places other than the skin, such as mucous membranes or the eye, and what are those forms called?",a8d389213a
What characteristics make someone more likely to develop melanoma?,b98c0cbaa7
Can frequent tanning‑bed use increase my chance of getting melanoma?,b98c0cbaa7
Do people with many moles or a family history of unusual moles have a higher risk of melanoma?,b98c0cbaa7
Is having a fair complexion or light‑colored eyes considered a risk factor for melanoma?,b98c0cbaa7
"Are exposures to radiation, solvents, or other environmental chemicals linked to an increased melanoma risk?",b98c0cbaa7
What should I look for on a mole that might indicate melanoma?,8ca11636ac
Can a mole that starts itching or bleeding be a sign of skin cancer?,8ca11636ac
How can I tell if a new pigmented spot near an existing mole is concerning for melanoma?,8ca11636ac
What characteristics of a mole suggest it could be melanoma rather than a benign mole?,8ca11636ac
For a medical student: which features of melanoma lesions are most commonly examined during a skin assessment?,8ca11636ac
What examinations and procedures are used to determine if a changing mole is actually melanoma?,bfcb630316
"If I find a pigmented spot that looks different, how will a doctor diagnose whether it's cancerous?",bfcb630316
Can a biopsy confirm melanoma and what does the lab analysis involve?,bfcb630316
Why is it important not to shave off or cauterize a suspicious skin lesion before testing?,bfcb630316
Do patients often seek a second pathologist’s review when a mole is suspected to be melanoma?,bfcb630316
What factors will doctors look at to estimate my chances of recovery after a melanoma diagnosis?,3cb51ae4ea
Which tumor attributes most strongly influence the prognosis and treatment decisions for melanoma?,3cb51ae4ea
How does having a BRAF gene mutation change the outlook for someone with melanoma?,3cb51ae4ea
Why is the level of lactate dehydrogenase (LDH) in the blood important when assessing melanoma?,3cb51ae4ea
In what ways do a patient’s age and overall health affect their predicted survival with melanoma?,3cb51ae4ea
What kinds of new melanoma treatments are currently being studied in research trials?,2a67a5ea2c
Where can I locate up‑to‑date listings of melanoma clinical trials across the United States?,2a67a5ea2c
"If I join a melanoma trial, could I receive a therapy that isn’t yet standard care?",2a67a5ea2c
Do any melanoma studies accept participants who have already started or finished treatment?,2a67a5ea2c
What follow‑up examinations are typically performed after completing melanoma therapy to monitor for recurrence?,2a67a5ea2c
What exactly is colorectal cancer and which parts of the digestive system does it involve?,071cee1adf
"How are colon cancer, rectal cancer, and colorectal cancer related or distinct from each other?",071cee1adf
Why does colorectal cancer rank as one of the leading causes of cancer mortality in the United States?,071cee1adf
Do men or women have a higher likelihood of developing colorectal cancer?,071cee1adf
"Has the incidence of colorectal cancer been changing in people under a certain age, and if so, how?",071cee1adf
What kinds of things make a person more likely to develop colorectal cancer?,f1f34255ae
Which personal or lifestyle characteristics can lower my chance of getting colon cancer?,f1f34255ae
Can you explain who is most susceptible to colorectal cancer based on known risk and protective elements?,f1f34255ae
Are there specific factors that increase or decrease the probability of developing colorectal cancer?,f1f34255ae
What should I know about the variables that affect my risk for colorectal cancer?,f1f34255ae
What exactly is Merkel cell carcinoma and where does it originate in the skin?,f305f5fa19
Which body locations are most likely to develop Merkel cell carcinoma?,f305f5fa19
"What risk factors, such as sun exposure or immune system issues, contribute to developing Merkel cell carcinoma?",f305f5fa19
How aggressive is Merkel cell carcinoma in terms of growth speed and tendency to spread to other parts of the body?,f305f5fa19
What diagnostic procedures are typically performed to detect and confirm Merkel cell carcinoma?,f305f5fa19
What lifestyle or medical factors increase my chances of developing Merkel cell carcinoma?,c04aacae3b
Could frequent use of tanning beds or PUVA therapy raise my risk for this skin cancer?,c04aacae3b
"If I have a weakened immune system from HIV or a transplant medication, am I more likely to get Merkel cell carcinoma?",c04aacae3b
"Does being older, male, and white make me more susceptible to Merkel cell carcinoma compared to other groups?",c04aacae3b
Are previous cancers or conditions like chronic lymphocytic leukemia considered risk factors for Merkel cell carcinoma?,c04aacae3b
"I've noticed a rapidly growing, painless bump on my forearm that looks reddish—could this be a sign of Merkel cell carcinoma?",eb9bab83ff
What clinical features characterize the typical presentation of Merkel cell carcinoma on sun‑exposed skin?,eb9bab83ff
"If I see a firm, dome‑shaped spot that is red or purple on my neck, what symptoms should make me suspect Merkel cell carcinoma?",eb9bab83ff
"Are there specific skin changes, like a single painless lump, that indicate Merkel cell carcinoma versus other skin conditions?",eb9bab83ff
What are the hallmark signs I should look for in a patient who might have Merkel cell carcinoma?,eb9bab83ff
What examinations are performed to identify Merkel cell carcinoma in a patient?,88fb227c5b
How does a clinician determine if a suspicious skin lesion is Merkel cell carcinoma – does it involve a biopsy?,88fb227c5b
"If I notice an unusual bump on my skin, what diagnostic steps will my doctor take to rule out Merkel cell carcinoma?",88fb227c5b
For medical students: what are the key components of the work‑up when suspecting Merkel cell carcinoma?,88fb227c5b
What role does a full‑body skin check and lymph‑node assessment play in diagnosing Merkel cell carcinoma?,88fb227c5b
What factors influence the survival chances for someone diagnosed with Merkel cell carcinoma?,37df076309
How does the location and size of a Merkel cell tumor affect its prognosis?,37df076309
"If a patient is older and has other health issues, how might that change the outlook for Merkel cell cancer?",37df076309
Does a Merkel cell carcinoma that has returned after treatment have a different prognosis than a newly diagnosed case?,37df076309
In what way does the depth of a Merkel cell skin tumor impact expected recovery or treatment options?,37df076309
Are there any ongoing clinical studies testing new therapies for Merkel cell carcinoma?,61736d9e40
"If I have Merkel cell carcinoma, can I join a trial after I start treatment, or must I enroll beforehand?",61736d9e40
What advantages might a patient gain by enrolling in a Merkel cell carcinoma research trial compared to standard therapy?,61736d9e40
Do current trials for Merkel cell carcinoma include options aimed at preventing the cancer from coming back?,61736d9e40
Where can I look up the list of active Merkel cell carcinoma clinical trials across the United States?,61736d9e40
What exactly is childhood ependymoma and which parts of the brain or spinal cord can it arise in?,6d05c9fcac
How does the WHO categorize ependymomas and what do the different grades (I‑III) tell us about how aggressive the tumor is?,6d05c9fcac
What imaging or other tests are used to detect a childhood ependymoma and what is the usual surgical approach for treatment?,6d05c9fcac
Which factors affect the prognosis and influence the choice of therapy for children diagnosed with ependymoma?,6d05c9fcac
"What are the common signs and symptoms that children with ependymoma may experience, and why do they differ from child to child?",6d05c9fcac
What are the known causes of ependymoma in children?,d558c8a36e
Is there any identified reason why some kids develop ependymoma?,d558c8a36e
Do doctors know what factors lead to childhood ependymoma?,d558c8a36e
Are there any genetic or environmental triggers that explain childhood ependymoma?,d558c8a36e
"Can the cause of most pediatric brain tumors, like ependymoma, be pinpointed?",d558c8a36e
What warning signs should I look for in my child that might indicate a childhood ependymoma?,05a48e05ff
Which neurological and systemic symptoms are most commonly reported in pediatric ependymoma cases?,05a48e05ff
Can frequent headaches together with balance problems be signs of an ependymoma in a child?,05a48e05ff
"If my child has nausea, blurry vision, and leg weakness, could these symptoms be related to childhood ependymoma?",05a48e05ff
How do a child's age and the tumor’s location affect the symptoms seen with ependymoma?,05a48e05ff
What examinations and imaging studies are used to detect a brain tumor like ependymoma in children?,c00ee621ba
"Can you explain the steps a doctor takes, from history taking to surgery, to confirm a diagnosis of childhood ependymoma?",c00ee621ba
Which procedures are performed to obtain tissue or fluid samples for confirming ependymoma in a pediatric patient?,c00ee621ba
"After a suspected ependymoma is found, what role does an MRI with contrast play in both diagnosis and postoperative monitoring?",c00ee621ba
"How does a lumbar puncture help determine whether a child has ependymoma, and what findings would raise concern?",c00ee621ba
What factors influence the chances of recovery for a child diagnosed with ependymoma?,46f25325c4
How does the location of a pediatric ependymoma within the central nervous system affect treatment decisions?,46f25325c4
Do genetic or chromosomal abnormalities change the outlook for childhood ependymoma?,46f25325c4
Will the presence of residual tumor after surgery impact the prognosis for a child with ependymoma?,46f25325c4
In what ways does the age at diagnosis alter the expected outcome for a child with ependymoma?,46f25325c4
I’m the parent of a child with ependymoma—where can I look up current clinical studies that focus on this childhood brain tumor?,6fe53e68cb
"As a medical student, what types of clinical trials are being run for childhood ependymoma, and how do they differ in terms of patient eligibility and treatment stage?",6fe53e68cb
"Could enrolling my child in a clinical trial possibly be the most effective treatment option for his ependymoma, and why might a trial be recommended over standard therapy?",6fe53e68cb
Where can I find a list of U.S. locations that are actively recruiting pediatric patients with ependymoma for research trials?,6fe53e68cb
"What are the main goals of the ongoing clinical trials for childhood ependymoma—are they testing new drugs, preventing recurrence, or reducing side‑effects of existing treatments?",6fe53e68cb
I just learned my child has ependymoma—how do doctors determine its stage?,16d4db3ed8
What criteria are used in place of a formal staging system for pediatric ependymoma?,16d4db3ed8
"Is there a standard staging system for childhood ependymoma, and if not, what factors guide treatment planning?",16d4db3ed8
Which specific factors (such as tumor location and age) are considered when developing a treatment plan for a child with ependymoma?,16d4db3ed8
"After surgery for a child's ependymoma, how is any remaining tumor evaluated without a traditional stage?",16d4db3ed8
What are the typical warning signs that might indicate an intraocular (uveal) melanoma?,2c627474a5
Which locations within the eye are associated with a higher likelihood of the melanoma spreading to other parts of the body?,2c627474a5
"Do doctors normally have to take a tissue biopsy to diagnose intraocular melanoma, or are there other tests that are sufficient?",2c627474a5
Is being older and having a fair complexion considered a risk factor for developing melanoma inside the eye?,2c627474a5
"What part of the eye’s structure does intraocular melanoma originate from, and why is it called a uveal melanoma?",2c627474a5
